<?xml version="1.0" encoding="UTF-8" ?>
<?xml-stylesheet type="text/xsl" href="book.xsl"?>
<!DOCTYPE items>
<library>
	 <Author>
       <AuthorId>1</AuthorId>
       <AuthorName>ramesh</AuthorName>
       <Website>www.ramesbooks.com</Website>
       <PhoneNo>6476486980</PhoneNo>
    </Author>
    <Author>
       <AuthorId>2</AuthorId>
       <AuthorName>james</AuthorName>
       <Website>www.jamesstories.com</Website>
       <PhoneNo>4476456980</PhoneNo>
    </Author>
    	<Author>
       <AuthorId>3</AuthorId>
       <AuthorName>mathew</AuthorName>
       <Website>www.mathewstories.com</Website>
       <PhoneNo>947645698</PhoneNo>
    </Author>
    <Author>
       <AuthorId>4</AuthorId>
       <AuthorName>alex</AuthorName>
       <Website>www.alextories.com</Website>
       <PhoneNo>847645698</PhoneNo>
    </Author>
    <Author>
       <AuthorId>5</AuthorId>
       <AuthorName>priya</AuthorName>
       <Website>www.priyafables.com</Website>
       <PhoneNo>623345898</PhoneNo>
    </Author>
    <Author>
       <AuthorId>6</AuthorId>
       <AuthorName>omar</AuthorName>
       <Website>www.omarfables.com</Website>
       <PhoneNo>619345895</PhoneNo>
    </Author>
    <Author>
       <AuthorId>7</AuthorId>
       <AuthorName>jonathan</AuthorName>
       <Website>www.jonathanfables.com</Website>
       <PhoneNo>619845895</PhoneNo>
    </Author>
    <Author>
       <AuthorId>8</AuthorId>
       <AuthorName>lisa</AuthorName>
       <Website>www.lisashortstories.com</Website>
       <PhoneNo>646845295</PhoneNo>
    </Author>
    <Author>
       <AuthorId>9</AuthorId>
       <AuthorName>lavanya</AuthorName>
       <Website>www.lovestories.com</Website>
       <PhoneNo>646945293</PhoneNo>
    </Author>
    <Author>
       <AuthorId>10</AuthorId>
       <AuthorName>geet</AuthorName>
       <Website>www.geetstories.com</Website>
       <PhoneNo>846943293</PhoneNo>
    </Author>
	
	
	    <sql_sequnce>
       <name>Author</name>
       <seq>10</seq>
    </sql_sequnce>
	
	
	  <CustomerBook>
       <CustomerId>1</CustomerId>
       <BookId>12</BookId>
    </CustomerBook>
    <CustomerBook>
       <CustomerId>2</CustomerId>
       <BookId>13</BookId>
    </CustomerBook>
    <CustomerBook>
       
       <CustomerId>3</CustomerId>
       <BookId>15</BookId>
    </CustomerBook>
    <CustomerBook>
       <CustomerId>4</CustomerId>
       <BookId>19</BookId>
    </CustomerBook>
    <CustomerBook>
       <CustomerId>5</CustomerId>
       <BookId>20</BookId>
    </CustomerBook>
    <CustomerBook>
       <CustomerId>6</CustomerId>
       <BookId>11</BookId>
    </CustomerBook>
    <CustomerBook>
       <CustomerId>7</CustomerId>
       <BookId>16</BookId>
    </CustomerBook>
    <CustomerBook>
       <CustomerId>8</CustomerId>
       <BookId>17</BookId>
    </CustomerBook>
    <CustomerBook>
       <CustomerId>9</CustomerId>
       <BookId>7</BookId>
    </CustomerBook>
    <CustomerBook>
       <CustomerId>10</CustomerId>
       <BookId>2</BookId>
    </CustomerBook>
    <CustomerBook>
       <CustomerId>1</CustomerId>
       <BookId>19</BookId>
    </CustomerBook>
    <CustomerBook>
       <CustomerId>3</CustomerId>
       <BookId>17</BookId>
    </CustomerBook>
    <CustomerBook>
       <CustomerId>5</CustomerId>
       <BookId>14</BookId>
    </CustomerBook>
    <CustomerBook>
       <CustomerId>7</CustomerId>
       <BookId>10</BookId>
    </CustomerBook>
    <CustomerBook>
       <CustomerId>9</CustomerId>
       <BookId>2</BookId>
    </CustomerBook>
    <CustomerBook>
       <CustomerId>10</CustomerId>
       <BookId>5</BookId>
    </CustomerBook>
	
	
	
	
    <BookAuthor>
       <AuthorId>3</AuthorId>
       <BookId>9</BookId>
    </BookAuthor>
    <BookAuthor>
       <AuthorId>2</AuthorId>
       <BookId>19</BookId>
    </BookAuthor>
    <BookAuthor>
       <AuthorId>1</AuthorId>
       <BookId>10</BookId>
    </BookAuthor>
    <BookAuthor>
       <AuthorId>4</AuthorId>
       <BookId>13</BookId>
    </BookAuthor>
    <BookAuthor>
       <AuthorId>5</AuthorId>
       <BookId>17</BookId>
    </BookAuthor>
    <BookAuthor>
       <AuthorId>8</AuthorId>
       <BookId>20</BookId>
    </BookAuthor>
    <BookAuthor>
       <AuthorId>6</AuthorId>
       <BookId>13</BookId>
    </BookAuthor>
    <BookAuthor>
       <AuthorId>7</AuthorId>
       <BookId>14</BookId>
    </BookAuthor>
    <BookAuthor>
       <AuthorId>9</AuthorId>
       <BookId>7</BookId>
    </BookAuthor>
    <BookAuthor>
       <AuthorId>10</AuthorId>
       <BookId>15</BookId>
    </BookAuthor>
    <BookAuthor>
       <AuthorId>3</AuthorId>
       <BookId>12</BookId>
    </BookAuthor>
    <BookAuthor>
       <AuthorId>5</AuthorId>
       <BookId>10</BookId>
    </BookAuthor>
    <BookAuthor>
       <AuthorId>7</AuthorId>
       <BookId>9</BookId>
    </BookAuthor>
    <BookAuthor>
       <AuthorId>9</AuthorId>
       <BookId>13</BookId>
    </BookAuthor>
	
	
	
	
	    <customer>
       <CustomerId>1</CustomerId>
       <CustomerName>james</CustomerName>
       <Address>6649 N Blue Gum St,London</Address>
       <PhoneNo>504-621-8927</PhoneNo>
    </customer>
    <customer>
       <CustomerId>2</CustomerId>
       <CustomerName>Art</CustomerName>
       <Address>8 W Cerritos Ave #54,Paris</Address>
       <PhoneNo>907-385-4412</PhoneNo>
    </customer>
    <customer>
       <CustomerId>3</CustomerId>
       <CustomerName>Donette</CustomerName>
       <Address>3 Mcauley Dr,NewYork</Address>
       <PhoneNo>419-503-2484</PhoneNo>
    </customer>
    <customer>
       <CustomerId>4</CustomerId>
       <CustomerName>Mitsue</CustomerName>
       <Address>7 Eads St,LosAngeles</Address>
       <PhoneNo>773-573-6914</PhoneNo>
    </customer>
    <customer>
       <CustomerId>5</CustomerId>
       <CustomerName>Leota</CustomerName>
       <Address>7 W Jackson Blvd,NewJersey</Address>
       <PhoneNo>408-752-3500</PhoneNo>
    </customer>
    <customer>
       <CustomerId>7</CustomerId>
       <CustomerName>Kris</CustomerName>
       <Address>228 Runamuck Pl #2808,Toronto</Address>
       <PhoneNo>410-655-8723</PhoneNo>
    </customer>
    <customer>
       <CustomerId>8</CustomerId>
       <CustomerName>Minna</CustomerName>
       <Address>2371 Jerrold Ave,London</Address>
       <PhoneNo>215-874-1229</PhoneNo>
    </customer>
    <customer>
       <CustomerId>9</CustomerId>
       <CustomerName>Abel</CustomerName>
       <Address>37275 St  Rt 17m M,Paris</Address>
       <PhoneNo>631-677-3675</PhoneNo>
    </customer>
    <customer>
       <CustomerId>10</CustomerId>
       <CustomerName>Kiley</CustomerName>
       <Address>25 E 75th St #69,NewYork</Address>
       <PhoneNo>431-677-3695</PhoneNo>
    </customer>
	
	
	
	    <warehouse>
       <WarehouseId>1</WarehouseId>
       <Location>Los Angeles</Location>
       <PhoneNo>310-498-5651</PhoneNo>
    </warehouse>
    <warehouse>
       <WarehouseId>2</WarehouseId>
       <Location>NewYork</Location>
       <PhoneNo>440-780-8425</PhoneNo>
    </warehouse>
    <warehouse>
       <WarehouseId>3</WarehouseId>
       <Location>Toronto</Location>
       <PhoneNo>956-537-6195</PhoneNo>
    </warehouse>
    <warehouse>
       <WarehouseId>4</WarehouseId>
       <Location>Newjersey</Location>
       <PhoneNo>456-537-6195</PhoneNo>
    </warehouse>
    <warehouse>
       <WarehouseId>5</WarehouseId>
       <Location>London</Location>
       <PhoneNo>366-537-6125</PhoneNo>
    </warehouse>
    <warehouse>
       <WarehouseId>6</WarehouseId>
       <Location>Paris</Location>
       <PhoneNo>856-537-6125</PhoneNo>
    </warehouse>
    <warehouse>
       <WarehouseId>7</WarehouseId>
       <Location>London</Location>
       <PhoneNo>602-277-4385</PhoneNo>
    </warehouse>
    <warehouse>
       <WarehouseId>8</WarehouseId>
       <Location>NewYork</Location>
       <PhoneNo>802-477-5385</PhoneNo>
    </warehouse>
    <warehouse>
       <WarehouseId>9</WarehouseId>
       <Location>NewYork</Location>
       <PhoneNo>202-477-5387</PhoneNo>
    </warehouse>
    <warehouse>
       <WarehouseId>10</WarehouseId>
       <Location>LosAngeles</Location>
       <PhoneNo>802-477-5383</PhoneNo>
    </warehouse>
	
	
	
	    <fedex>
       <FedExId>1</FedExId>
       <Location>Toronto</Location>
       <PhoneNo>410-655-8723</PhoneNo>
    </fedex>
    <fedex>
       <FedExId>2</FedExId>
       <Location>Paris</Location>
       <PhoneNo>810-455-923</PhoneNo>
    </fedex>
    <fedex>
       <FedExId>3</FedExId>
       <Location>NewYork</Location>
       <PhoneNo>789-345-324</PhoneNo>
    </fedex>
    <fedex>
       <FedExId>4</FedExId>
       <Location>LosAngeles</Location>
       <PhoneNo>215-874-1229</PhoneNo>
    </fedex>
    <fedex>
       <FedExId>5</FedExId>
       <Location>NewJersey</Location>
       <PhoneNo>515-874-1229</PhoneNo>
    </fedex>
    <fedex>
       <FedExId>6</FedExId>
       <Location>London</Location>
       <PhoneNo>615-474-1232</PhoneNo>
    </fedex>
    <fedex>
       <FedExId>7</FedExId>
       <Location>NewYork</Location>
       <PhoneNo>515-474-1298</PhoneNo>
    </fedex>
    <fedex>
       <FedExId>8</FedExId>
       <Location>Toronto</Location>
       <PhoneNo>815-344-1226</PhoneNo>
    </fedex>
    <fedex>
       <FedExId>9</FedExId>
       <Location>LosAngeles</Location>
       <PhoneNo>310-498-5651</PhoneNo>
    </fedex>
    <fedex>
       <FedExId>10</FedExId>
       <Location>NewJersey</Location>
       <PhoneNo>931-313-9635</PhoneNo>
    </fedex>
	
	
	
	<publisher>
       <PublisherId>1</PublisherId>
       <Website>www.createbooks.com</Website>
    </publisher>
    <publisher>
       <PublisherId>2</PublisherId>
       <Website>www.harpercollins.com</Website>
    </publisher>
    <publisher>
       <PublisherId>3</PublisherId>
       <Website>www.tlac.com</Website>
    </publisher>
    <publisher>
       <PublisherId>4</PublisherId>
       <Website>www.mandagroup.com</Website>
    </publisher>
    <publisher>
       <PublisherId>5</PublisherId>
       <Website>www.dundrunpress.com</Website>
    </publisher>
    <publisher>
       <PublisherId>6</PublisherId>
       <Website>www.betweenthelines.com</Website>
    </publisher>
    <publisher>
       <PublisherId>7</PublisherId>
       <Website>www.wemakebooks.com</Website>
    </publisher>
    <publisher>
       <PublisherId>8</PublisherId>
       <Website>www.secondstorypress.com</Website>
    </publisher>
    <publisher>
       <PublisherId>9</PublisherId>
       <Website>www.coachhousebooks.com</Website>
    </publisher>
    <publisher>
       <PublisherId>10</PublisherId>
       <Website>www.nationalbooknetwork.com</Website>
    </publisher>
	
	<book>
       <BookId>1</BookId>
       <BookName>Harry Potter and the Cursed Child</BookName>
       <Price>30</Price>
       <ISBN>1338099132</ISBN>
       <Language> English</Language>
       <PublicationDate>20160731</PublicationDate>
       <AmazonRating>4</AmazonRating>
       <Genre>Fiction</Genre>
       
    </book>
    <book>
       <BookId>2</BookId>
       <BookName>The Guide: A Novel</BookName>
       <Price>22</Price>
       <ISBN>143039644</ISBN>
       <Language> English</Language>
       <PublicationDate>20060806</PublicationDate>
       <AmazonRating>4.5</AmazonRating>
       <Genre>Fiction</Genre>
       
    </book>
    <book>
       <BookId>3</BookId>
       <BookName>The High Mountains of Portugal: A Novel </BookName>
       <Price>34.8</Price>
       <ISBN>345809432</ISBN>
       <Language>English</Language>
       <PublicationDate>20160202</PublicationDate>
       <AmazonRating>4</AmazonRating>
       <Genre>Fiction</Genre>
       
    </book>
    <book>
       <BookId>4</BookId>
       <BookName>The Unconquered</BookName>
       <Price>28</Price>
       <ISBN>030746296X</ISBN>
       <Language>ENGLISH</Language>
       <PublicationDate>20111118</PublicationDate>
       <AmazonRating>3.5</AmazonRating>
       <Genre>NonFiction</Genre>
       
    </book>
    <book>
       <BookId>5</BookId>
       <BookName>Adrift: Seventy-six Days Lost at Sea</BookName>
       <Price>22</Price>
       <ISBN>618257322</ISBN>
       <Language>ENGLISH</Language>
       <PublicationDate>20100919</PublicationDate>
       <AmazonRating>4.7</AmazonRating>
       <Genre>NonFiction</Genre>
       
    </book>
    <book>
       <BookId>6</BookId>
       <BookName>Long Walk: The True Story Of A Trek To Freedom </BookName>
       <Price>40</Price>
       <ISBN>1592289444</ISBN>
       <Language>ENGLISH</Language>
       <PublicationDate>20060401</PublicationDate>
       <AmazonRating>4.3</AmazonRating>
       <Genre>NonFiction</Genre>
       
    </book>
    <book>
       <BookId>7</BookId>
       <BookName>HomeAlone</BookName>
       <Price>20</Price>
       <ISBN>4534746036</ISBN>
       <Language> English</Language>
       <PublicationDate>20110806</PublicationDate>
       <AmazonRating>3.3</AmazonRating>
       <Genre>Fiction</Genre>
       
    </book>
    <book>
       <BookId>8</BookId>
       <BookName>Brief History of Time Stephen Hawking</BookName>
       <Price>3</Price>
       <ISBN>0553380163</ISBN>
       <Language> English</Language>
       <PublicationDate>1998-09-01</PublicationDate>
       <AmazonRating>4.5</AmazonRating>
       <Genre>Fiction</Genre>
       
    </book>
    <book>
       <BookId>9</BookId>
       <BookName>Asylum </BookName>
       <Price>40</Price>
       <ISBN>62220977</ISBN>
       <Language> English</Language>
       <PublicationDate>20141106</PublicationDate>
       <AmazonRating>3.3</AmazonRating>
       <Genre>Fiction</Genre>
       
    </book>
    <book>
       <BookId>10</BookId>
       <BookName>Gandhi: An Autobiography, The Story of My Experiments with Truth</BookName>
       <Price>12</Price>
       <ISBN>1554551838</ISBN>
       <Language> English</Language>
       <PublicationDate>20090303</PublicationDate>
       <AmazonRating>3.9</AmazonRating>
       <Genre>Fiction</Genre>
       
    </book>
    <book>
       <BookId>11</BookId>
       <BookName>The 120 Days of Simon</BookName>
       <Price>4.95</Price>
       <ISBN>978-1-60309-050-6</ISBN>
       <Language>ENGLISH</Language>
       <PublicationDate>20120303</PublicationDate>
       <AmazonRating>4.3</AmazonRating>
       <Genre>Fiction</Genre>
          </book>
    <book>
       <BookId>12</BookId>
       <BookName>The Snowden Files: The Inside Story of the Worlds Most Wanted Man</BookName>
       <Price>12.58</Price>
       <ISBN>978-0804173520</ISBN>
       <Language>ENGLISH</Language>
       <PublicationDate>2014-02-07</PublicationDate>
       <AmazonRating>4.3</AmazonRating>
       <Genre>NonFiction</Genre>
       
    </book>
    <book>
       <BookId>13</BookId>
       <BookName>The Pretender: My Life Undercover for the FBI</BookName>
       <Price>30</Price>
       <ISBN>978-1250068637</ISBN>
       <Language>ENGLISH</Language>
       <PublicationDate>2017-06-06</PublicationDate>
       <AmazonRating>3.7</AmazonRating>
       <Genre>Fiction</Genre>
       
    </book>
    <book>
       <BookId>14</BookId>
       <BookName>The World As I See It </BookName>
       <Price>32.5</Price>
       <ISBN>806527900</ISBN>
       <Language>ENGLISH</Language>
       <PublicationDate>20090809</PublicationDate>
       <AmazonRating>4.2</AmazonRating>
       <Genre>NonFiction</Genre>
       
    </book>
    <book>
       <BookId>16</BookId>
       <BookName>Outliers: The Story of Success</BookName>
       <Price>23</Price>
       <ISBN>1451639619</ISBN>
       <Language>ENGLISH</Language>
       <PublicationDate>2011-06-07</PublicationDate>
       <AmazonRating>4.5</AmazonRating>
       <Genre>NonFiction</Genre>
       
    </book>
    <book>
       <BookId>20</BookId>
       <BookName>Tripe Cross: How Bin Ladens Master Spy Penetrated the CIA the Green Berets and the FBI</BookName>
       <Price>9</Price>
       <ISBN>0061189418</ISBN>
       <Language>English</Language>
       <PublicationDate>2009-06-16</PublicationDate>
       <AmazonRating>4.4</AmazonRating>
       <Genre>NonFiction</Genre>
       
    </book>
		
	
</library>
